PuzzleId,FEN,Moves,Rating,RatingDeviation,Popularity,NbPlays,Themes,GameUrl,OpeningTags,DailyDate
0000H,r4rk1/pp3ppp/8/2bqp2b/3N4/P2Bn2P/1PPN1P2/R1BQ1RK1 w - - 1 15,d1h5 d5g2,1554,223,100,11,mate mateIn1 middlegame oneMove,https://lichess.org/EwHRkfas#29,French_Defense French_Defense_Tarrasch_Variation,
000Pw,6k1/5p1p/4p3/4q3/3nN3/2Q3P1/PP3P1P/6K1 w - - 2 37,e4d2 d4e2 g1f1 e2c3,1530,76,92,630,crushing endgame fork short,https://lichess.org/au2lCK5o#73,,
000Zo,4r3/1k6/pp3r2/1b2P2p/3R1p2/P1R2P2/1P4PP/6K1 w - - 0 35,e5f6 e8e1 g1f2 e1f1,1363,76,86,657,endgame mate mateIn2 operaMate short,https://lichess.org/n8Ff742v#69,,
000hf,r1bqk2r/pp1nbNp1/2p1p2p/8/2BP4/1PN3P1/P3QP1P/3R1RK1 b kq - 0 19,e8f7 e2e6 f7f8 e6f7,1391,78,92,783,mate mateIn2 middlegame short,https://lichess.org/71ygsFeE/black#38,Horwitz_Defense Horwitz_Defense_Other_variations,
000pA,5rk1/5pp1/7p/3p4/1ppPn3/1K2PPP1/1P2N1P1/r4R1R w - - 0 24,b3b4 f8b8,1162,88,100,55,endgame mate mateIn1 oneMove,https://lichess.org/3dA5upN3#47,,
000qP,8/7R/8/5p2/4bk1P/8/2r2K2/6R1 w - - 7 51,f2f1 f4f3 f1e1 c2c1 e1d2 c1g1,2167,76,94,2029,crushing endgame exposedKing long skewer,https://lichess.org/r4xUR6fC#101,,
000rO,3R4/8/K7/pB2b3/1p6/1P2k3/3p4/8 w - - 4 58,a6a5 e5c7 a5b4 c7d8,1110,82,85,74,crushing endgame fork master short,https://lichess.org/tzeeBEc2#115,,
000rZ,2kr1b1r/p1p2pp1/2pqb3/7p/3N2n1/2NPB3/PPP2PPP/R2Q1RK1 w - - 2 13,d4e6 d6h2,662,90,100,636,kingsideAttack mate mateIn1 oneMove opening,https://lichess.org/seIMDWkD#25,Scandinavian_Defense Scandinavian_Defense_Modern_Variation,
0017R,r2qk2r/pp2ppbp/1n1p2p1/3Pn3/2P5/2NBBP1P/PP3P2/R2QK2R b KQkq - 0 12,e5c4 d3c4 b6c4 d1a4 d8d7 a4c4,1655,77,95,6539,advantage fork long middlegame,https://lichess.org/ol84k0z4/black#24,Alekhine_Defense Alekhine_Defense_Other_variations,
001Hi,6k1/pp1r1pp1/1qp1p2p/4P2P/5Q2/1P4R1/P1Pr1PP1/R5K1 b - - 4 23,b6d4 f4f6 d4f2 f6f2 d2f2 g1f2,2391,115,66,35,advantage endgame long pin,https://lichess.org/tUkE0z1z/black#46,,
001KR,6Qk/p1p3pp/4N3/1p6/2q1r1n1/2B5/PP4PP/3R1R1K b - - 0 28,h8g8 f1f8,563,81,100,185,mate mateIn1 middlegame oneMove,https://lichess.org/TaT1Zl7z/black#56,,
001Wz,4r1k1/5ppp/r1p5/p1n1RP2/8/2P2N1P/2P3P1/3R2K1 b - - 0 21,e8e5 d1d8 e5e8 d8e8,1118,82,89,86,backRankMate endgame mate mateIn2 short,https://lichess.org/84RH3LaP/black#42,,
001XA,1qr2rk1/pb2bppp/8/8/2p1N3/P1Bn2P1/2Q2PBP/1R3RK1 b - - 3 23,b8c7 b1b7 c7b7 e4f6 e7f6 g2b7,1687,75,91,1351,crushing discoveredAttack long master middlegame sacrifice,https://lichess.org/KZRiN695/black#46,,
001cr,8/3B2pp/p5k1/2p3P1/1p1p1K2/8/1P6/8 b - - 0 38,c5c4 d7e8,1517,82,94,3475,bishopEndgame endgame mate mateIn1 oneMove,https://lichess.org/7FFNwibw/black#76,,
001gi,r6r/1pNk1ppp/2np4/b3p3/4P1b1/N1Q5/P4PPP/R3KB1R w KQ - 3 18,c7a8 a5c3,785,114,69,283,bodenMate hangingPiece mate mateIn1 middlegame oneMove,https://lichess.org/1sV2Hr22#35,Sicilian_Defense Sicilian_Defense_Other_variations,
001h8,2r3k1/2r4p/4p1p1/1p1q1pP1/p1bP1P1Q/P6R/5B2/2R3K1 b - - 5 34,c4e2 h4h7 c7h7 c1c8 g8g7 c8c7,1749,77,88,621,crushing deflection kingsideAttack long middlegame sacrifice,https://lichess.org/IxCahP6X/black#68,,
001kG,rnbq3r/1p2bkpp/p4n2/8/2pNP3/2N5/PPP3PP/R1BQ1RK1 b - - 1 11,e7c5 d1h5 f7g8 h5c5,1974,76,93,1232,advantage opening pin short,https://lichess.org/xXAEaVto/black#22,Sicilian_Defense Sicilian_Defense_Najdorf_Variation,
001m3,7r/6k1/2b1pp2/8/P1N3p1/5nP1/4RP2/Q4K2 w - - 2 38,e2e6 h8h1 f1e2 h1a1,1455,77,87,281,advantage endgame short skewer,https://lichess.org/LELOz22f#75,,
001om,5r1k/pp4pp/5p2/1BbQp1r1/6K1/7P/1PP3P1/3R3R w - - 2 26,g4h4 c5f2 g2g3 f2g3,1018,80,89,227,mate mateIn2 middlegame morphysMate short,https://lichess.org/VWOIWtIh#51,,
001pC,r4rk1/pp3ppp/3b4/2p1pPB1/7N/2PP3n/PP4PP/R2Q1RqK w - - 5 18,f1g1 h3f2,848,77,91,437,mate mateIn1 middlegame oneMove smotheredMate,https://lichess.org/d04UP3XD#35,Sicilian_Defense Sicilian_Defense_McDonnell_Attack,
001w5,1rb2rk1/q5P1/4p2p/3p3p/3P1P2/2P5/2QK3P/3R2R1 b - - 0 29,f8f7 c2h7 g8h7 g7g8q,1034,83,85,220,advancedPawn attraction mate mateIn2 middlegame promotion short,https://lichess.org/0e1vxAEn/black#58,,
001wR,6nr/pp3p1p/k1p5/8/1QN5/2P1P3/4KPqP/8 b - - 5 26,b7b5 b4a5 a6b7 c4d6 b7b8 a5d8,1152,85,93,2632,endgame long mate mateIn3,https://lichess.org/ruvbd9JW/black#52,,
001wb,r3k2r/pb1p1ppp/1b4q1/1Q2P3/8/2NP1Pn1/PP4PP/R1B2R1K w kq - 1 17,h2g3 g6h5,1149,76,95,290,mate mateIn1 middlegame oneMove,https://lichess.org/hNzYRMWP#33,Ruy_Lopez Ruy_Lopez_Bird_Variation,
001wr,r4rk1/p3ppbp/Pp1q1np1/3PpbB1/2B5/2N5/1PPQ1PPP/3RR1K1 w - - 4 18,f2f3 d6c5 g1h1 c5c4,989,75,97,2532,advantage fork master masterVsMaster middlegame short,https://lichess.org/KnJ2mojX#35,Pirc_Defense Pirc_Defense_Classical_Variation,
001xO,k1r1b3/p1r1nppp/1p1qpn2/2Np4/1P1P4/PQRBPN2/5PPP/2R3K1 w - - 0 19,d3a6 b6c5 a6c8 c5c4,1780,76,91,1394,crushing master masterVsMaster middlegame sacrifice short,https://lichess.org/fNCePFgY#37,Slav_Defense Slav_Defense_Other_variations,
001xl,8/4R1k1/p5pp/3B4/5q2/8/5P1P/6K1 b - - 5 40,g7f6 e7f7 f6e5 f7f4,1299,80,94,11934,advantage endgame master masterVsMaster short skewer superGM,https://lichess.org/bEQkfPQD/black#80,,
002CP,r5k1/pp4pp/4p1q1/4p3/3n4/P5P1/1PP2Q1P/2KR1R2 w - - 4 24,f2e3 g6c2,923,85,69,91,endgame mate mateIn1 oneMove queensideAttack,https://lichess.org/pHZnIFdb#47,,
002GQ,5rk1/5ppp/4p3/4N3/8/1Pn5/5PPP/5RK1 w - - 0 28,f1c1 c3e2 g1f1 e2c1,653,83,73,137,crushing endgame fork short,https://lichess.org/2K7g2pDT#55,,
002HE,1qr2rk1/1p1p1ppp/pB2p1n1/7n/2P1P3/1Q2NP1P/PP2B1Pb/3R1RK1 w - - 1 20,g1f2 b8g3,1116,77,94,509,master mate mateIn1 middlegame oneMove,https://lichess.org/U21EXYdv#39,,
002IE,r3brk1/5pp1/p1nqpn1p/P2pN3/2pP4/2P1PN2/5PPP/RB1QK2R b KQ - 4 16,c6e5 d4e5 d6e7 e5f6,1229,84,74,40,advantage fork middlegame short,https://lichess.org/fDwvVUIp/black#32,Queens_Pawn_Game Queens_Pawn_Game_Accelerated_London_System,
002KJ,r3kb1r/ppq2ppp/4pn2/2Ppn3/1P4bP/2P2N2/P3BPP1/RNBQ1RK1 b kq - 2 10,f8e7 f3e5 c7e5 e2g4,1569,78,90,1737,crushing discoveredAttack middlegame short,https://lichess.org/2NpTzh7O/black#20,Caro-Kann_Defense Caro-Kann_Defense_Advance_Variation,
002Mm,rn1qr1k1/ppp3pQ/3p1pP1/3Pp3/2P1P3/8/PP3PP1/R1B1K3 b Q - 2 16,g8f8 h7h8 f8e7 h8g7,927,82,97,248,deflection mate mateIn2 middlegame short,https://lichess.org/wAkPv4uG/black#32,Three_Knights_Opening Three_Knights_Opening_Other_variations,
002Q2,7k/p4R1p/3p3r/2pN1n2/2PbBBb1/3P2P1/P3r3/5R1K w - - 1 28,f4h6 f5g3,956,79,100,454,cornerMate mate mateIn1 middlegame oneMove,https://lichess.org/yqAJ1jMv#55,,
002Tf,r3kbnr/ppp1qppp/2n5/3pP3/5B2/4PQ2/PPP2PPP/RN2KB1R w KQkq - 1 7,f1b5 e7b4 b1c3 b4b2,1561,76,84,182,advantage fork opening short,https://lichess.org/Zq56PwHK#13,Queens_Pawn_Game Queens_Pawn_Game_Chigorin_Variation,
002Uy,8/8/1p6/k7/P1R5/1K5r/8/8 w - - 26 64,c4c3 h3c3 b3c3 a5a4 c3b2 a4b4,1565,75,97,7408,crushing defensiveMove endgame long rookEndgame,https://lichess.org/sLU7YN1A#127,,
002X3,6k1/2q2p1p/4pPp1/4P3/p1pP1P2/RrP5/6QP/4B1K1 b - - 0 33,b3a3 g2a8 c7b8 a8b8,914,157,100,13,endgame mate mateIn2 short,https://lichess.org/yshS3bLB/black#66,,
002Z9,4r1k1/1p2R1p1/p2p2Pp/P1pP4/5q2/1R3p2/1P1Q3P/5B1K b - - 0 34,f4d2 e7e8,1231,99,69,52,endgame hangingPiece master mate mateIn1 oneMove,https://lichess.org/Ek4aENjD/black#68,,
002p5,r1bqr1k1/pp1nbpp1/2p2n2/6P1/2BP4/P7/1PQNNPP1/R3K2R b KQ - 0 13,f6d5 c2h7 g8f8 h7h8,908,79,84,182,kingsideAttack mate mateIn2 middlegame short,https://lichess.org/meSoQkhU/black#26,French_Defense French_Defense_Exchange_Variation,
002rd,r6k/q1pb1p1p/1b3Pr1/p1ppP2Q/3P2p1/4B3/PP2NRPP/3R2K1 b - - 1 25,d7e6 e2f4 c5d4 f4g6 f7g6 h5h6,1795,74,79,131,crushing kingsideAttack long middlegame pin,https://lichess.org/NcD6lul8/black#50,,
002vV,8/6k1/2R4p/5p1P/5P1K/6P1/8/r7 w - - 2 58,c6b6 a1h1,576,88,100,619,endgame master mate mateIn1 oneMove rookEndgame,https://lichess.org/KB7FAntf#115,,
0030b,6k1/5ppp/5nb1/pp6/6rP/5N1Q/Pq2r1P1/3R2RK b - - 4 32,g6e4 d1d8 f6e8 d8e8,538,92,62,195,backRankMate mate mateIn2 middlegame short,https://lichess.org/mhIZR6Mc/black#64,,
0039T,1r5r/p3kp2/4p2p/4P3/3R1Pp1/6P1/P1P4P/4K2R w K - 1 25,d4a4 b8b1 e1f2 b1h1 a4a7 e7f8,1121,86,93,838,crushing defensiveMove endgame long rookEndgame skewer,https://lichess.org/BrtVeJlj#49,,
003Ec,3r4/p4R2/1pb2Pp1/n1p1Q1kp/8/P2q4/1P4PP/6RK b - - 2 32,d3f5 e5e3 f5f4 h2h4 g5f5 e3h3,2245,76,89,310,crushing long middlegame pin,https://lichess.org/qnd2dxXz/black#64,,
003IX,8/3pk3/R7/1R2Pp1p/2PPnKr1/8/8/8 w - - 4 43,f4f5 e4g3,1698,86,89,2265,endgame mate mateIn1 oneMove,https://lichess.org/576Btq56#85,,
003Jb,6k1/3bqr1p/2rpp1pR/p7/Pp1QP3/1B3P2/1PP3P1/2KR4 w - - 6 22,d4a7 e7g5 c1b1 g5h6,993,81,90,392,advantage fork master middlegame short,https://lichess.org/8RvK0idj#43,,
003S3,r4k1r/pNqnppb1/6pn/2p3Np/7P/2P2Q2/PP3PP1/R1B1K2R b KQ - 2 15,a8b8 g5e6 f8g8 e6c7,1336,74,95,15076,advantage middlegame pin short,https://lichess.org/Eu6S0GPA/black#30,Modern_Defense Modern_Defense_Other_variations,
003Tx,2r5/pR5p/5p1k/4p3/4r3/B4nPP/PP3P2/1K2R3 w - - 0 27,e1e4 f3d2 b1a1 c8c1,1511,88,83,770,backRankMate endgame fork mate mateIn2 short,https://lichess.org/A7j9VEC0#53,,
003aS,8/8/5k1p/6p1/1R4PP/1p2KP2/8/1r6 w - - 0 43,h4h5 b3b2 b4b6 f6e5 f3f4 g5f4,2086,83,93,396,advancedPawn crushing defensiveMove endgame long rookEndgame,https://lichess.org/I7ZktFeR#85,,
003cs,2r1kbnr/pp4pp/4p3/3pP1N1/3q4/1P2B3/P3Q1PP/nN3RK1 b k - 1 16,d4e5 f1f8 e8f8 e3c5 c8c5 e2e5 c5c1 g1f2,2119,81,76,99,advantage attraction discoveredAttack exposedKing middlegame sacrifice veryLong,https://lichess.org/PmRTKflq/black#32,Caro-Kann_Defense Caro-Kann_Defense_Advance_Variation,
003eP,8/r1b1q2k/2p3p1/2Pp4/1P2p1n1/2B1P3/NQ6/2K4R b - - 1 36,h7g8 h1h8 g8f7 h8h7 f7e8 h7e7,1156,79,88,1756,crushing exposedKing long middlegame skewer,https://lichess.org/n9vCFmKh/black#72,,
003jH,rn3rk1/p5pp/3N4/4np1q/5Q2/1P3K2/PB1P2P1/2R4R w - - 0 25,f3f2 e5d3 f2e3 d3f4 h1h5 f4h5,1089,92,89,344,crushing fork long middlegame,https://lichess.org/3CQGofXT#49,,
003jb,r3kb1r/p4ppp/b1p1p3/3q4/3Q4/4BN2/PPP2PPP/R3K2R b KQkq - 0 11,c6c5 d4a4 a6b5 a4b5,962,77,95,2687,crushing fork master middlegame short,https://lichess.org/960EzUS0/black#22,French_Defense French_Defense_Classical_Variation,
003md,r1b1k2N/ppp3pp/2n5/2bp4/7q/1B4n1/PPPP1P1P/RNBQ1RK1 w q - 0 10,f1e1 g3e4 e1e4 d5e4 d1h5 h4h5 b3f7 h5f7,2171,77,85,216,crushing defensiveMove middlegame veryLong,https://lichess.org/ALtR2fxT#19,Russian_Game Russian_Game_Italian_Variation,
003mh,r4k1r/1pp2p2/p2p3p/3N4/3P2q1/8/PPP5/1K2Q1NR b - - 1 23,a8e8 e1e8 f8e8 d5f6 e8e7 f6g4,1325,77,86,459,advantage attraction fork long middlegame sacrifice,https://lichess.org/HSa4keKZ/black#46,,
003nQ,6rk/pp6/2n5/3ppn1p/3p4/2P2P1q/PP3QNB/R4R1K w - - 2 29,f1g1 f5g3 f2g3 g8g3,1286,88,67,36,crushing kingsideAttack master middlegame pin short,https://lichess.org/p85fiZcl#57,,
003wQ,2r2rk1/6pp/3Q1q2/8/3N1B2/6P1/PP1K3P/R4b2 w - - 0 24,a1f1 f6d6 f4d6 f8f1,1814,79,92,2041,advantage discoveredAttack middlegame pin short,https://lichess.org/W3wvnzlo#47,,
0042j,3r2k1/4nppp/pq1p1b2/1p2P3/2r2P2/2P1NR2/PP1Q2BP/3R2K1 b - - 0 24,d6e5 d2d8 b6d8 d1d8,550,106,92,1454,backRankMate mate mateIn2 middlegame short,https://lichess.org/DuM2FZjg/black#48,,
00465,3r1Q1k/pp4pp/2p5/6q1/5R2/2P5/P1P2PPP/3rR1K1 b - - 8 27,d8f8 f4f8,571,92,91,376,backRankMate endgame mate mateIn1 oneMove queenRookEndgame,https://lichess.org/h21VtqGG/black#54,,
0047P,8/1N3k2/6p1/8/2P3P1/pr6/R5K1/8 w - - 1 56,g2f1 b3b1 f1e2 b1b2 e2d1 b2a2,1766,75,86,95,crushing endgame exposedKing fork long master,https://lichess.org/Gb33KZKC#111,,
0048x,6k1/7p/4p1p1/QP2Pp2/P1pq4/5bRK/7r/6R1 w - - 0 39,h3h2 d4h4 g3h3 h4f2 g1g2 f2g2,1299,293,100,4,endgame exposedKing long mate mateIn3,https://lichess.org/GlWr58Ue#77,,
004LZ,8/7R/5p2/p7/7P/2p5/3k2r1/1K2N3 w - - 3 48,e1g2 c3c2 b1a2 c2c1q h7d7 d2e2,1195,77,93,2052,advancedPawn crushing defensiveMove deflection endgame long promotion,https://lichess.org/drahwNdj#95,,
004Op,2kr2r1/1bp4n/1pq1p2p/p1P5/1P3B2/P6P/5RP1/RB2Q1K1 w - - 3 26,e1f1 d8d1 f1d1 g8g2 g1f1 g2g1 f1e2 g1d1,2280,77,92,2837,crushing deflection kingsideAttack middlegame pin sacrifice skewer veryLong,https://lichess.org/tneg9Bzk#51,,
004RF,5rk1/5ppp/1p6/1qp2P1Q/3p3P/6R1/6PK/8 b - - 0 30,c5c4 g3g7 g8g7 f5f6 g7f6 h5b5,1727,77,82,65,attraction crushing discoveredAttack endgame long sacrifice,https://lichess.org/2UeWcE4h/black#60,,
004X6,1r4k1/p4ppp/2Q5/3pq3/8/P6P/2PR1PP1/Rr4K1 w - - 1 26,a1b1 b8b1 d2d1 b1d1,1152,266,83,14,endgame mate mateIn2 short,https://lichess.org/wvPFkjF9#51,,
004XI,8/3kqp2/4p3/p2p4/3P1P2/4P1rP/7r/1QR2K2 b - - 1 34,e7a3 b1b7 d7e8 c1c8,982,90,70,35,endgame mate mateIn2 short,https://lichess.org/54fnArpo/black#68,,
004Ys,r4rk1/3q1pbp/p1n1p1p1/2p3NP/1p3B2/3P3Q/PPP3P1/R3R1K1 b - - 2 19,d7d4 f4e3 d4f6 e1f1 f6e5 h5g6 e5e3 h3e3,2417,85,90,471,advantage defensiveMove middlegame veryLong,https://lichess.org/LcIJdugn/black#38,Sicilian_Defense Sicilian_Defense_McDonnell_Attack,
004b0,5kB1/4b3/4P3/2p2P2/2b5/8/p7/B6K w - - 4 48,g8f7 e7g5 f5f6 g5e3 a1e5 e3f4 e5f4 a2a1q,2368,109,47,36,advancedPawn bishopEndgame crushing deflection endgame promotion quietMove veryLong,https://lichess.org/CJKIi1QJ#95,,
004kB,4rr1k/pQpn2pp/3p1q2/8/8/2P5/PP3PPP/RN3RK1 w - - 1 16,b7c7 f6f2 f1f2 e8e1 f2f1 e1f1,1209,76,60,196,kingsideAttack long mate mateIn3 middlegame sacrifice,https://lichess.org/Cl9T6bjt#31,Ruy_Lopez Ruy_Lopez_Steinitz_Defense,
004mT,5Q2/8/1b1kp1p1/5p2/3p4/5qPK/7P/8 b - - 1 51,d6c6 f8a8 c6d6 a8f3,1361,75,98,9440,advantage endgame short skewer,https://lichess.org/Jqhi4ozb/black#102,,
004nd,3q2k1/2r5/pp3p1Q/2b1n3/P3N3/2P5/1P4PP/R6K b - - 0 24,c7d7 e4f6 d8f6 h6f6,898,75,83,209,crushing fork middlegame short,https://lichess.org/IajkZZBp/black#48,,
004zI,2q3k1/4br1p/6RQ/1p1n2p1/7P/1P4P1/1B2PP2/6K1 b - - 0 27,h7g6 h6h8,1420,80,91,403,endgame mate mateIn1 oneMove,https://lichess.org/HE33gdt4/black#54,,
0055Y,r1b2rk1/p3pp2/2B4b/2Qpq3/3N2pp/4P3/2P2PPP/1R2K2R b K - 1 23,h6e3 f2e3 e5e3 e1d1,2055,76,80,150,advantage defensiveMove middlegame short,https://lichess.org/7Jpwzowt/black#46,,
005Bm,4rk2/p1q5/1p3Q1b/8/1p5N/2P1p3/P3P3/2K5 b - - 0 43,c7f7 h4g6 f8g8 f6h8,1434,76,96,6584,endgame mate mateIn2 pin short,https://lichess.org/KKslCMev/black#86,,
005HG,r2q1rk1/p1p2pp1/3bbn1p/4N3/2Q5/1P4P1/PB1PPP1P/RN2K2R w KQ - 1 12,c4c2 d6e5 b2e5 d8d5 f2f3 d5e5,1788,75,88,708,advantage clearance fork long opening,https://lichess.org/JTymzeq9#23,English_Opening English_Opening_Kings_English_Variation,
005N7,r6k/2q3pp/8/2p1n3/R1Qp4/7P/2PB1PP1/6K1 b - - 0 32,e5c4 a4a8 c7b8 a8b8,683,102,95,1930,backRankMate endgame hangingPiece mate mateIn2 short,https://lichess.org/jxZhmGhg/black#64,,
005YX,2rr4/2N2pk1/p1Q1b1pp/1p4q1/3pP3/1B1P4/PPP3PP/6RK w - - 7 25,c7e6 f7e6 c6b7 g7h8,2004,118,100,42,defensiveMove equality middlegame short,https://lichess.org/zbi5w5Qy#49,,
005do,7r/pp1k4/4p1b1/3pP1Np/3P1P1K/8/P7/2R5 b - - 7 42,h8f8 c1c7 d7c7 g5e6 c7b6 e6f8,1433,98,60,48,attraction crushing deflection endgame fork long sacrifice,https://lichess.org/Q1hPi58C/black#84,,
005f3,r5k1/2p1pp2/pp4p1/1q1r4/5P2/2QP2R1/PP6/1K4R1 b - - 0 32,d5h5 g3g6 f7g6 g1g6 g8f7 c3g7 f7e8 g7g8 e8d7 g8e6 d7d8 g6g8,1974,73,95,16410,crushing endgame sacrifice veryLong,https://lichess.org/Prb24UzR/black#64,,
005nD,3rk2r/2qn1pp1/p1Q1R3/3n3p/8/8/PP4PP/5R1K b k - 0 23,f7e6 c6e6 d5e7 e6f7,1111,75,96,1417,fork mate mateIn2 middlegame short,https://lichess.org/hlgaj6lV/black#46,,
005qG,8/8/1p1k1p1p/3npp2/2B5/PP1K1PP1/7P/8 b - - 0 36,f5f4 c4d5 f4g3 h2g3 d6d5 g3g4,2310,85,65,56,crushing defensiveMove endgame long,https://lichess.org/RMj9gStA/black#72,,
005wJ,r3kb1r/ppqn1ppp/4pn2/1Q2Nb2/3P4/8/PP2PPPP/RNB1KB1R w KQkq - 4 9,e5d7 c7c1,1364,80,80,1240,hangingPiece mate mateIn1 oneMove opening,https://lichess.org/2mU9GJhQ#17,Queens_Pawn_Game Queens_Pawn_Game_Zukertort_Variation,
005wy,1r6/pp2kpp1/2n1p1n1/3p2PQ/5P2/2PqP3/PP1N4/2KR3R w - - 3 27,h5h7 c6b4 c3b4 b8c8 d2c4 c8c4,1780,75,94,7504,long mate mateIn3 middlegame queensideAttack sacrifice,https://lichess.org/mBQMheB4#53,,
0061g,6k1/pp3pp1/2p1q1Pp/3b4/8/6Q1/PB3Pp1/3RrNK1 b - - 2 27,e1d1 g3b8 e6e8 b8e8,801,93,73,269,endgame mate mateIn2 short,https://lichess.org/dJ3xEKJK/black#54,,
006HV,1r6/5k2/2p1pNp1/p5Pp/1pQ1P2P/2P4R/KP3P2/3q4 w - - 4 31,c4c6 b4b3 a2a3 d1a1,1159,87,93,1015,endgame mate mateIn2 short,https://lichess.org/ibb2c72C#61,,
006OI,8/p7/5k2/P5R1/6KP/8/8/5r2 w - - 5 53,g5g8 f1g1 g4f4 g1g8,843,97,76,263,crushing endgame rookEndgame short skewer,https://lichess.org/6AH1H5wg#105,,
006XF,r5kr/pp1qb1p1/2p4p/3pPb1Q/3P4/2P1B3/PP4PP/R4RK1 b - - 1 17,f5e4 h5f7 g8h7 f1f6 e7f6 f7d7,2372,90,90,1929,advantage long middlegame pin,https://lichess.org/Ynra1LLE/black#34,Russian_Game Russian_Game_Italian_Variation,
006fF,r1b4r/pp1k2pp/2nb2q1/1B1p2B1/3p3Q/8/PPP2PPP/3RR1K1 b - - 5 17,h7h6 h4g4 d7c7 g5d8 h8d8 g4g6,1702,76,96,8133,advantage discoveredAttack exposedKing long middlegame,https://lichess.org/mAf9SSin/black#34,Italian_Game Italian_Game_Two_Knights_Defense,
006om,1r3k2/5p1p/2p1pp2/P2n4/2r1N3/P4PK1/2R2P1P/2R5 b - - 9 29,c4a4 e4c5 a4a5 c5d7 f8g7 d7b8,1921,74,95,9357,crushing endgame fork long master,https://lichess.org/BMIgw1OR/black#58,,
006pe,r4r2/2q1NN2/4bQpk/2n4p/pp5P/8/1PP2PP1/2KR3R b - - 0 28,e6f7 e7f5 h6h7 f6g7,1588,76,96,5618,master mate mateIn2 middlegame pin short,https://lichess.org/gkSEAS27/black#56,,
006wz,2r5/4ppkp/5bp1/1p6/1P6/P3B3/2r2PPP/1R1R2K1 b - - 2 22,f6b2 b1b2 c2b2 e3d4 f7f6 d4b2,1426,77,80,545,attraction crushing endgame fork long sacrifice,https://lichess.org/qT0W6o27/black#44,,
006yP,6R1/8/Kpk1p3/1p1pP3/6P1/PPP1r3/8/8 b - - 3 40,e3c3 g8c8 c6d7 c8c3,819,89,80,153,crushing endgame master rookEndgame short skewer,https://lichess.org/vf9MOLH1/black#80,,
0071K,3N1r2/6R1/kp6/p2pPp1Q/2pP2P1/2q5/2P5/2K5 w - - 0 38,g7a7 a6a7 h5h7 a7a6,1131,83,94,484,crushing defensiveMove endgame hangingPiece short,https://lichess.org/gY0ZkxR4#75,,
0071N,6k1/p4pp1/1p5p/4b3/4B3/4P1P1/PpR2PKP/3r4 b - - 1 30,b2b1q c2c8 d1d8 c8d8,554,93,93,283,endgame mate mateIn2 pillsburysMate short,https://lichess.org/HRlw71ON/black#60,,
00734,rn3bk1/2rqp2p/2p3p1/3p1p2/3P1P1B/pP1BP3/P1Q2PRP/1KR5 b - - 0 26,b8a6 d3f5 e7e6 f5g6,1692,74,89,128,crushing middlegame pin short,https://lichess.org/jM0Jnw0u/black#52,,
00761,3r2k1/1b3pbR/p2P2P1/3p2N1/2p5/2P2N2/PP6/2K5 b - - 0 28,f7g6 h7g7 g8g7 g5e6 g7g8 e6d8,1357,78,94,22067,attraction crushing endgame exposedKing fork long sacrifice,https://lichess.org/vu70Maig/black#56,,
0078T,rk5r/1b3R2/pp2p2q/4P2p/B2p3B/4R2P/PP4P1/5Q1K b - - 0 27,d4e3 f7b7 b8b7 f1f7 b7b8 h4e7,2248,80,81,88,attraction crushing defensiveMove exposedKing long middlegame queensideAttack sacrifice,https://lichess.org/mXf4gFYU/black#54,,
00798,6K1/4k3/4P3/6pp/6rP/4R1P1/8/8 w - - 0 60,g8g7 g5h4 g7h6 h4g3,1895,77,88,553,crushing discoveredAttack endgame rookEndgame short,https://lichess.org/4DOjQjiM#119,,
007Rn,4r1k1/p4p1p/1p6/6q1/3P2n1/P4Q2/1P1B2P1/7K w - - 0 34,d2g5 e8e1 f3f1 e1f1,990,83,75,78,endgame mate mateIn2 short,https://lichess.org/L9kH7FqT#67,,
007XE,2kr3r/p1p1bpp1/2p2n1p/8/8/1P6/P1P1RPPP/RNB3K1 w - - 1 16,e2e7 d8d1 e7e1 d1e1,591,93,79,91,backRankMate fork mate mateIn2 middlegame short,https://lichess.org/f4f7UwiT#31,Kings_Pawn_Game Kings_Pawn_Game_Leonardis_Variation,
007en,rn3rk1/4pp1p/3p2pB/2q4P/3bP1b1/Pp2Q3/1P2B3/1K1R2NR w - - 0 20,e3d4 c5c2 b1a1 a8a3 b2a3 c2a2,1842,76,96,3997,long mate mateIn3 middlegame queensideAttack sacrifice,https://lichess.org/jzE2yKAk#39,,
007ku,r1bq3Q/1np2kp1/p5B1/1p1Pp3/1Pn2BP1/2b2P2/P3K3/R4N2 b - - 5 35,f7g6 h8h5 g6f6 f4g5,1663,75,89,965,mate mateIn2 middlegame short,https://lichess.org/QveLbBjG/black#70,,
007mr,5k2/p2r3p/1p4pP/3r1q2/3Rp3/2P5/PP3PQ1/K3R3 w - - 0 33,d4e4 d5d1 e1d1 d7d1,646,77,100,202,backRankMate endgame mate mateIn2 short,https://lichess.org/J12UnEgz#65,,
007tv,r3k1nr/1pp2ppp/1pnp2q1/4p1B1/2B1P3/3P1Q1P/PPP2PP1/R4RK1 b kq - 0 11,g6g5 f3f7 e8d8 f7f8 d8d7 f8a8,1108,81,90,1334,advantage attackingF2F7 long middlegame skewer,https://lichess.org/ky7qZNjk/black#22,Italian_Game Italian_Game_Giuoco_Pianissimo,
008EC,6k1/4rpp1/p6p/7P/q1pP1R2/2Pb2Q1/P4RP1/6K1 w - - 9 31,f4f7 e7f7 g3b8 g8h7 f2f7 a4d1 g1f2 d1f1 f2g3 f1f7,2344,75,91,592,advantage endgame skewer veryLong,https://lichess.org/q5CqLXP5#61,,
008GK,1k1r4/ppp3p1/8/1P5p/8/P3n2P/2P1r1P1/B3NRK1 b - - 4 31,d8d1 f1f8 d1d8 f8d8,651,108,90,1782,backRankMate endgame mate mateIn2 short,https://lichess.org/9vFFDYsH/black#62,,
008LT,r4rk1/6p1/b3p1nN/p1pp4/1p3P1q/3P1Q1B/PPP2PK1/R6R b - - 0 26,g8h8 h6f7 f8f7 h3e6,2209,80,90,1380,crushing kingsideAttack middlegame pin sacrifice short,https://lichess.org/vnxisKeU/black#52,,
008P4,8/4k3/1p1p4/rP2p1p1/P2nP1P1/3BK3/8/R7 w - - 0 35,e3d2 d4b3 d2c3 b3a1,703,93,95,1716,crushing endgame fork short,https://lichess.org/3GoHPRp3#69,,
008Y3,r5k1/1p1rqpp1/p3pnp1/2PN4/8/1Q5P/PP3PP1/3RR1K1 b - - 0 24,e7c5 d5f6 g7f6 d1d7,1054,89,93,666,advantage discoveredAttack kingsideAttack master middlegame short,https://lichess.org/jAILX5BH/black#48,,
008aL,7k/6p1/1r5p/5p2/P2Rp3/4P3/5PPP/6K1 w - - 0 39,a4a5 b6b1 d4d1 b1d1,541,85,100,74,backRankMate endgame mate mateIn2 rookEndgame short,https://lichess.org/j2ECU5ud#77,,
008lc,7k/pb1qn2n/1p2R2Q/2p2p2/2Pp4/3B4/PP3PrP/4RK2 b - - 1 27,g2g7 h6g7 h8g7 e6e7 d7e7 e1e7,1974,79,93,2220,attraction crushing exposedKing fork long middlegame,https://lichess.org/UdZXrVA5/black#54,,
008oX,4r1k1/2R3pp/2p4q/1p1p4/3P4/P7/1PP2R2/1K1N4 b - - 3 32,e8e1 c7c8 e1e8 c8e8,976,77,71,222,endgame mate mateIn2 short,https://lichess.org/APGKH8YH/black#64,,
0092z,2r3k1/2qR1ppp/p7/2p2Q2/P7/7P/5PP1/6K1 b - - 3 26,c7c6 f5f7 g8h8 f7g7,991,91,94,443,endgame mate mateIn2 short,https://lichess.org/fjaha7q0/black#52,,
009BH,3r2k1/6p1/4Q3/4B3/1p3P2/4PKP1/3q4/8 b - - 17 51,g8h8 e6h6 h8g8 h6g7,1513,76,96,8612,endgame mate mateIn2 pin short,https://lichess.org/QauOOpOY/black#102,,
009FS,r2qr1k1/p5bp/1pp1b1p1/8/2QN1p2/2P1n2P/PP3PP1/R1B1RNK1 w - - 1 18,d4e6 e3c4 e6d8 e8e1,1712,74,79,148,crushing discoveredAttack opening short,https://lichess.org/MOdm5bE7#35,Sicilian_Defense Sicilian_Defense_Closed,
009IO,3rk3/5p1r/p2Np1p1/3bP3/P2n4/8/1P3RPP/5RK1 b - - 4 25,e8e7 f2f7 h7f7 f1f7,1162,83,87,547,hookMate mate mateIn2 middlegame short,https://lichess.org/LJBrm9Or/black#50,,
009bR,4r2k/3q2r1/1p4pQ/p1pP4/2P4P/1N4p1/PP3RK1/8 b - - 1 37,g7h7 f2f8 e8f8 h6f8,1024,77,82,154,endgame mate mateIn2 short,https://lichess.org/rvHGlZar/black#74,,
009f8,8/1p4p1/pb2ppkp/3n4/3P4/P3BN1P/1P2KPP1/8 b - - 0 26,g6f5 f3h4 f5e4 f2f3,1149,79,94,200,endgame mate mateIn2 short,https://lichess.org/paDYagZM/black#52,,
009tE,6k1/6pp/p1N2p2/1pP2bP1/5P2/8/PPP5/3K4 b - - 1 28,f6g5 c6e7 g8f7 e7f5,624,91,89,856,crushing endgame fork short,https://lichess.org/fUV1iXBx/black#56,,
009zR,3r4/p1p2ppp/4k3/6Q1/5P2/4P3/Prqn2PP/3R1RK1 w - - 3 22,g5d8 d2f3 g1h1 c2g2,1620,77,87,180,discoveredAttack endgame mate mateIn2 short,https://lichess.org/SctCD3fJ#43,,
009zS,r3r1k1/1p3p1p/p1p3p1/8/6bP/Q3b3/PP2B1P1/R3K2R w KQ - 2 20,g2g3 g4e2 e1e2 e3c5 e2f3 c5a3,1434,77,94,2856,advantage discoveredAttack discoveredCheck exposedKing long middlegame,https://lichess.org/YSoU6ySt#39,,
00AB1,8/7Q/3p1kp1/1p6/2b5/2P4P/5PPK/4q3 b - - 8 36,e1c3 h7h8 f6e6 h8c3,1107,76,96,11426,crushing endgame short skewer,https://lichess.org/KQDr21Ph/black#72,,
00AFG,r4rk1/2q2ppp/p3bp2/2P2N1Q/Ppp5/8/1PP2PPP/R2R2K1 b - - 6 21,c7c5 f5h6 g7h6 h5c5,1486,78,99,1995,advantage discoveredAttack middlegame short,https://lichess.org/xpx24bwV/black#42,,
00AXb,5kr1/pp3p1p/1q2pBb1/1B1p4/P7/5P2/1P4rP/2Q1K2R b K - 0 21,g2g1 h1g1 b6g1 b5f1 g6c2 c1f4,2112,119,82,25,advantage defensiveMove long middlegame,https://lichess.org/4i5kxYT5/black#42,,
00Aae,1R6/1P6/4pkp1/5p2/3P3p/3KP3/8/1r6 b - - 0 43,h4h3 b8f8 f6e7 b7b8q b1b8 f8b8,1015,80,88,347,advancedPawn clearance crushing endgame long promotion rookEndgame,https://lichess.org/mLIjph1r/black#86,,
00AdI,3r4/4kp1p/1PQ1p1p1/p3b3/1p2P2P/1P6/6PK/8 w - - 1 36,h2h3 d8d3 g2g3 d3g3 h3h2 g3c3,1263,78,97,8704,crushing discoveredAttack discoveredCheck endgame long master,https://lichess.org/WWyIGzPi#71,,
00Aq4,2k1r3/pppn1pp1/3b2b1/3p2Pp/2B2P2/3P3P/PPPR4/2K3NR w - - 0 18,c4d5 e8e1 d2d1 d6f4 c1b1 e1d1,1497,86,72,171,backRankMate deflection long mate mateIn3 middlegame,https://lichess.org/VIBqOZyc#35,Scandinavian_Defense Scandinavian_Defense_Main_Line,
00BCa,1r6/p2kp1P1/3p4/2pP4/2P2B2/pN6/5PK1/8 b - - 1 41,a3a2 b3c5 d6c5 f4b8 a2a1q g7g8q,1293,75,98,2139,advancedPawn crushing endgame long master promotion,https://lichess.org/B8N0BmLk/black#82,,
00Bg4,3r2k1/1q3ppp/p2rp3/Qp1B4/7P/P4P2/1PP3P1/1K1R3R b - - 0 21,d6d5 a5d8 d5d8 d1d8,1370,85,75,314,backRankMate endgame mate mateIn2 short xRayAttack,https://lichess.org/6qWf8wOP/black#42,,
00Bn4,1k6/pp6/4nNp1/P6p/3pr3/7P/3R1PPK/8 b - - 0 40,e4e5 f6d7 b8c7 d7e5,689,101,85,725,crushing endgame fork short,https://lichess.org/jvMUtZF5/black#80,,
00BrZ,r6r/pp2kb2/3p1p1Q/1N1Pp3/3bP3/P2B2P1/1P4PP/7K w - - 6 28,h6d2 h8h2 h1h2 a8h8 d2h6 h8h6,1380,76,84,441,attraction kingsideAttack long mate mateIn3 middlegame pillsburysMate sacrifice,https://lichess.org/ANKrgoJi#55,,
00Bse,8/5p2/1R4k1/6p1/8/3r2PP/5K2/8 b - - 3 40,g6h5 g3g4 h5h4 b6h6,830,78,71,98,endgame mate mateIn2 rookEndgame short,https://lichess.org/PnM8NvEX/black#80,,
00Bul,rnbqk2r/pp3ppp/5n2/3pN3/2B5/2P5/P1PPQPPP/R1B1K2R b KQkq - 1 8,d5c4 e5c6 c8e6 c6d8,1295,76,97,2118,advantage discoveredAttack discoveredCheck opening short,https://lichess.org/70pObIpq/black#16,Kings_Pawn_Game Kings_Pawn_Game_Gunderam_Gambit,
00C8e,8/5p1k/5Ppb/2p3P1/1p6/8/KB5Q/3q4 b - - 4 58,d1a4 a2b1 a4d1 b2c1,1559,112,100,72,endgame equality pin short,https://lichess.org/YqVcRoWF/black#116,,
00CBU,8/2pR2kp/pb4p1/8/5p1P/B6K/P1r5/6r1 b - - 3 39,g7h6 a3f8 h6h5 d7h7,1836,83,78,69,deflection endgame mate mateIn2 short,https://lichess.org/8sbUxgqT/black#78,,
00CMj,7R/8/8/6p1/2p1p1k1/2PbK2p/P7/8 w - - 4 71,e3f2 e4e3 f2e3 g4g3,1655,77,96,26266,crushing defensiveMove endgame master short,https://lichess.org/JJZ8AIxT#141,,
00CWE,3r4/1p4p1/2pBkbBp/p1P5/3rp3/P7/1PK2P2/4R3 b - - 1 31,e6d5 g6f7,1503,81,94,3731,endgame mate mateIn1 oneMove,https://lichess.org/VCQ4NAd0/black#62,,
00Cfq,6k1/ppR2pp1/4p1p1/4P1N1/3r2P1/1P4K1/P6r/8 b - - 5 30,h2e2 c7c8 d4d8 c8d8,562,86,100,522,endgame mate mateIn2 short,https://lichess.org/Mtebd1Gr/black#60,,
00CpR,4r1k1/B7/2p2pK1/3n3p/8/1Q3PP1/P6r/8 b - - 0 31,e8e5 b3b8 e5e8 b8e8,629,89,85,320,endgame mate mateIn2 short,https://lichess.org/tX2xyrPX/black#62,,
00Cqg,2rr2k1/pp4bp/4qpp1/3Pp3/8/4Q2P/4B1P1/2RR3K b - - 0 26,c8c1 d5e6 d8d1 e2d1 c1d1 h1h2,1615,79,92,839,advantage defensiveMove hangingPiece long middlegame,https://lichess.org/mXY3kzod/black#52,,
00Cwz,1r5r/5pk1/4p3/2Np2PP/p1nP4/n1P5/P3B3/K1R4R w - - 2 34,c5a4 b8b1 c1b1 a3c2,1475,78,89,119,mate mateIn2 middlegame sacrifice short,https://lichess.org/o6LOeNAf#67,,
00DEc,8/p5pk/1p3b1p/3r3P/6P1/3nBN2/P4PK1/4R3 w - - 3 30,e1d1 d3f4 e3f4 d5d1,1091,77,87,171,crushing discoveredAttack endgame short,https://lichess.org/T0mRW37D#59,,
00DKr,3r1k2/2p1R3/p2p2n1/1p6/1P1P2Q1/7P/5qPK/3R4 w - - 2 42,d1e1 g6e7 e1e4 f8e8,2142,82,91,974,advantage defensiveMove endgame short,https://lichess.org/mYdqj7UD#83,,
00DZe,8/5k2/7p/p1P1bPpP/Pp2P3/1P1pBK2/8/8 w - - 1 47,e3f2 g5g4 f3e3 e5d4 e3d3 d4f2,2318,78,93,6249,bishopEndgame crushing deflection endgame long master skewer,https://lichess.org/MVHl8Zy9#93,,
00Dke,5bk1/2Q2p1p/5qp1/p7/P1Bp4/1Pr4P/5PP1/3R2K1 b - - 5 27,c3c2 c4f7 g8g7 c7c2,1498,77,89,186,crushing discoveredAttack endgame master short,https://lichess.org/SOcXiDBN/black#54,,
00Dt6,5rk1/p4p1p/4p1p1/5nq1/8/5QPP/5PK1/2RR4 w - - 6 35,c1b1 f5h4 g2f1 h4f3,1204,78,67,49,crushing endgame pin short,https://lichess.org/TTZUVvIZ#69,,
00E29,r1bq1rk1/4bppp/p1n5/3P4/Pp6/3B1N2/1B3PPP/R2Q1RK1 b - - 0 17,d8d5 d3h7 g8h7 d1d5,969,80,86,352,crushing discoveredAttack kingsideAttack middlegame short,https://lichess.org/tWRCApub/black#34,Sicilian_Defense Sicilian_Defense_Old_Sicilian,
00EEp,3k2q1/pb1p3p/1p1P4/2p5/2P2Q1K/8/P7/5R2 b - - 2 36,b7g2 f4f8 g8f8 f1f8,1665,78,88,96,endgame mate mateIn2 short,https://lichess.org/dWHeDlRz/black#72,,
00EJb,6k1/5pp1/2R1p2p/8/P1B5/1P4P1/1q3Q1P/3r2K1 w - - 1 35,g1g2 d1d2 c6c8 g8h7 c4d3 f7f5 c8c2 d2f2,2288,81,87,450,advantage endgame pin veryLong,https://lichess.org/ki9WEgCM#69,,
00EXM,r1n1r1k1/3R1ppp/2p5/5P2/8/1P2B3/P7/5RK1 b - - 6 33,e8e3 d7d8 e3e8 d8e8,621,84,100,80,backRankMate endgame mate mateIn2 short,https://lichess.org/8NAvp1ZS/black#66,,
00EXP,2n3k1/p4ppp/2p1p3/P1NrP3/1n1r4/3N4/5PPP/1R1R2K1 w - - 0 29,d3b4 d4d1 b1d1 d5d1,564,95,100,128,backRankMate mate mateIn2 middlegame short,https://lichess.org/YsjTBKuB#57,,
00EoE,r1b1k3/ppr4p/5p2/5p2/8/2P3P1/P4PP1/4RK1R b q - 1 23,e8f7 h1h7 f7g6 h7c7,974,79,73,65,crushing endgame short skewer,https://lichess.org/25vOJGCF/black#46,,
00Erm,3r4/6k1/1p1pr1p1/p1p2p2/PnP1p1P1/1P6/3R1PBP/4R1K1 b - - 0 29,b4d3 d2d3 e4d3 e1e6 d3d2 g2f3,1402,77,83,152,crushing defensiveMove endgame long,https://lichess.org/kE9mu3xO/black#58,,
00F1l,8/2k1b3/5p2/RBpK1Pp1/Pp1p2P1/3P4/2r5/8 b - - 2 45,b4b3 a5a7 c7b8 a7e7,836,80,80,189,crushing endgame master short skewer,https://lichess.org/By9yxCU0/black#90,,
00F6y,2k3r1/ppp2prp/1q2b3/8/Q7/2P1R1P1/P4P1P/4R1K1 b - - 3 23,e6d7 e3e8 d7e8 e1e8 g8e8 a4e8,938,97,92,830,long mate mateIn3 middlegame queensideAttack sacrifice,https://lichess.org/Hii0fRVd/black#46,,
00FGc,1r4k1/5p2/2q3bp/4R3/p1r5/P1N5/1PP1Q2P/1KR5 w - - 2 33,b1a2 c4c3 b2c3 f7f6,2438,84,86,137,advantage middlegame sacrifice short,https://lichess.org/N39SSpf9#65,,
00FND,8/1P6/8/7p/3P4/3k1p1P/4p3/3K4 w - - 0 49,d1e1 d3e3 h3h4 f3f2,1828,76,96,4003,advancedPawn endgame mate mateIn2 pawnEndgame short,https://lichess.org/C4mOV5Og#97,,
00Feu,4R1k1/p4r1p/1pp2rp1/8/5B1q/4QP1P/P1P2PK1/8 b - - 2 28,f7f8 f4g5 h4g5 e3g5,2011,77,99,297,crushing endgame fork short,https://lichess.org/IEDYgK0q/black#56,,
00G1l,5k2/1R6/3pp1P1/2p5/1pr1PK2/5P2/8/8 b - - 0 60,c4c1 f4g5 c1g1 g5f6,1815,75,89,418,crushing defensiveMove endgame master rookEndgame short,https://lichess.org/IWYBiMcT/black#120,,
00G81,3r4/5k2/p4Pp1/2pK2Pp/2R5/P7/8/8 w - - 7 51,d5c5 d8c8 c5d4 c8c4 d4c4 h5h4,1442,76,98,7153,crushing defensiveMove endgame long rookEndgame,https://lichess.org/Q8HZlLcF#101,,
00GBX,r6k/pp2n1pp/2nN4/4p1Br/1PB5/2P4b/P3Nb1P/R2R3K b - - 1 22,h5g5 d6f7 h8g8 f7g5,864,83,97,843,advantage discoveredAttack discoveredCheck fork middlegame short,https://lichess.org/1YLxwOt0/black#44,,
00GiQ,5r2/1p3p1k/6pp/p1qp1P2/7Q/5N2/6PP/5N1K b - - 4 31,b7b5 f3g5 h7g7 f5f6 g7f6 g5e4,1830,76,94,890,attraction crushing discoveredCheck doubleCheck endgame long pin,https://lichess.org/XLwP4TgT/black#62,,
00Gt0,R7/4k3/5p2/3p2p1/4b2p/2K1P2P/5PP1/8 w - - 2 47,f2f3 d5d4 c3d4 e4a8,1052,79,83,108,crushing discoveredAttack endgame master short,https://lichess.org/5OO7Wczb#93,,
00GuD,1n5k/4r1p1/p2q1rPp/1ppB4/8/3P4/PPP1RPQ1/2K4R b - - 4 25,e7e2 h1h6 g7h6 g6g7 h8h7 g7g8q,1152,76,88,562,advancedPawn kingsideAttack long mate mateIn3 middlegame promotion sacrifice,https://lichess.org/zcHeWRaO/black#50,,
00Gv1,8/1pp1r1kp/4r1p1/p1P5/5Q2/P4PPq/1P1R3P/3R2K1 w - - 2 32,d2d8 e6e1 d1e1 e7e1 g1f2 h3f1,1008,76,100,189,endgame long mate mateIn3,https://lichess.org/cF0zaKHB#63,,
00Gvr,8/1b3pp1/1k4Pp/4K2P/4PP2/8/8/8 b - - 0 46,f7f6 e5e6 b7e4 e6f7,1149,77,89,2801,advantage bishopEndgame defensiveMove endgame master short,https://lichess.org/tHhRpYsL/black#92,,
00Gz6,r7/p3qkp1/1p4p1/3Nn3/Q7/4PP2/PP3K2/6R1 b - - 0 25,e7c5 a4f4 f7e6 f4e4 a8f8 g1g6,2253,105,89,1187,crushing endgame fork long pin,https://lichess.org/F80hPRFE/black#50,,
00H2I,4rrk1/ppp2pp1/7p/3n4/3P3q/1P2p2P/P5P1/R1BQRBK1 w - - 2 23,c1b2 h4f2 g1h2 f2b2,2052,77,87,46,crushing fork middlegame short,https://lichess.org/cCjO5vXk#45,,
00H87,6k1/2q1pp2/p5pB/2p4n/3pP1Q1/P2P3P/1r4P1/5RK1 b - - 1 30,c7g3 g4c8 g8h7 f1f7 h5g7 f7g7 h7h6 c8h8 h6g5 g7g6 g5g6 h8g8 g6f6 g8g3,1912,76,88,422,attraction crushing deflection endgame sacrifice skewer veryLong,https://lichess.org/hQEAqclb/black#60,,
00H8a,5bk1/2R4p/6p1/8/2b1NP1P/4P1K1/r7/8 b - - 2 45,c4d3 e4f6 g8h8 c7h7,798,83,89,336,arabianMate endgame mate mateIn2 short,https://lichess.org/7UUQgJDC/black#90,,
00HAM,R2q1r1k/1p3Qpp/1n6/3P2pP/2PP2P1/1P6/2K5/5R2 b - - 0 29,d8a8 f7f8 a8f8 f1f8,545,79,100,102,backRankMate endgame mate mateIn2 short,https://lichess.org/BgVpYpY8/black#58,,
00HEh,3R1rk1/pp3ppp/2p3b1/2n3P1/2B2q1P/5N2/PPP1QP2/4R1K1 b - - 0 23,f8d8 e2e8 d8e8 e1e8,812,88,90,467,kingsideAttack mate mateIn2 middlegame sacrifice short,https://lichess.org/ekEf00kl/black#46,,
00HGG,8/pp6/2p1kpp1/3p4/3P1PPp/1P3K2/P1P4P/8 w - - 0 31,g4g5 f6g5 f3g4 g5f4 g4f4 e6f6,1682,75,85,139,crushing defensiveMove endgame long pawnEndgame,https://lichess.org/JyqJknFl#61,,
00HZC,4r1k1/pp1qn3/2p4R/6p1/3P1rR1/3Q2P1/PP3P1P/6K1 b - - 0 31,f4g4 d3h7 g8f8 h6f6,1548,77,74,142,endgame mate mateIn2 short,https://lichess.org/SPwu7cIA/black#62,,
00IF1,1k6/p1p5/P2p4/3P4/1PK2N1p/4P3/5r2/4B3 b - - 12 57,f2f4 e3f4 h4h3 e1g3,1266,78,92,642,crushing defensiveMove endgame hangingPiece short,https://lichess.org/bX3dAdx9/black#114,,
00IHi,8/4R3/1k6/8/p7/1p1N2P1/5KP1/r7 w - - 0 55,e7e1 a1e1 f2e1 a4a3 e1d2 a3a2 d2c3 a2a1q,1710,76,94,5253,advancedPawn crushing endgame promotion veryLong,https://lichess.org/DiBepPdz#109,,
00IKw,3r2k1/pp1P1p1p/6p1/2R1P2r/3Q1P2/6Pq/7P/3R2K1 w - - 1 33,d4d2 d8d7 d2d7 h3h2 g1f1 h2g3 d7d8 g8g7 d8f6 g7h6 f6g5 h5g5,2491,108,91,247,advantage deflection endgame sacrifice veryLong,https://lichess.org/R6IG9d87#65,,
00IUW,8/Q1p1r1kp/5pp1/3P3r/4P3/2N2bPq/PPP2R1P/5RK1 w - - 3 23,a7e3 h3g3 h2g3 h5h1,1615,75,97,3184,clearance kingsideAttack mate mateIn2 middlegame operaMate sacrifice short,https://lichess.org/83tyhOfz#45,,
00IYg,r1b2r2/pp2npp1/1qn1p1k1/3pP1N1/3P3P/P7/1P1Q1PP1/RN2K2R b KQ - 0 13,f7f6 h4h5 g6h6 g5e6 h6h7 e6f8,1720,75,94,2200,advantage discoveredAttack discoveredCheck long middlegame,https://lichess.org/SWSWl6dS/black#26,French_Defense French_Defense_Advance_Variation,
00IqI,r5k1/pp3ppp/2p5/4pb2/2B2q2/P1P1nP2/1P1Q3P/3R1R1K b - - 1 22,e3c4 d2d8 a8d8 d1d8,1409,95,68,70,backRankMate master mate mateIn2 middlegame sacrifice short,https://lichess.org/I0tBjrDC/black#44,,
00Ivf,8/2p4r/1p3k2/p2Pp1p1/P1P1RpP1/1P3P1r/4R1K1/8 w - - 7 46,e4e5 h3h2 g2f1 h2h1 f1f2 h7h2,1604,79,93,285,endgame long mate mateIn3 rookEndgame,https://lichess.org/VX0fLjAC#91,,
00J1t,r1qr3k/pp3pB1/1np1pb2/8/3P3P/2N2PR1/PP1Q2P1/2KR4 b - - 0 22,f6g7 d2g5 d8g8 g5h5 g7h6 h5h6,1638,73,96,15596,exposedKing kingsideAttack long mate mateIn3 middlegame,https://lichess.org/77hjhVfM/black#44,,
00JFF,4r1k1/ppqb3p/6B1/3pb2Q/8/2P5/PP1B2PP/5RK1 b - - 0 20,h7g6 h5g6 e5g7 f1f7 c7c5 g1h1 c5f8 f7f8,2017,89,88,53,crushing middlegame pin veryLong,https://lichess.org/e986oDw6/black#40,,
00JH5,8/2Q2pk1/8/3pp2P/8/2Pq4/KP6/8 b - - 1 36,d3c4 c7c4 d5c4 b2b4,2082,84,89,46,crushing defensiveMove endgame queenEndgame short,https://lichess.org/1co2FGQN/black#72,,
00JR7,r4rk1/pp2q1p1/2p1p2p/3nP1pP/3P2P1/2PQ1R2/PPB5/R5K1 b - - 1 23,f8f3 d3h7 g8f7 c2g6 f7f8 h7h8,1405,75,95,4979,kingsideAttack long mate mateIn3 middlegame,https://lichess.org/jSoa2xnc/black#46,,
00JsQ,r1b1k1nr/pp1np2p/2q1Npp1/2P1p3/2B5/2N3B1/PPPR1PPP/2K4R b kq - 2 14,d7c5 d2d8 e8f7 d8f8,1990,78,83,393,mate mateIn2 middlegame short,https://lichess.org/5HP9frAd/black#28,Indian_Defense Indian_Defense_Other_variations,
00JtR,1rbk3r/3qp1b1/p3p1Bp/1N1P2p1/8/P5P1/1P2Q1P1/R3K2R w KQ - 2 23,d5e6 d7b5 e2d2 d8c7 a1c1 c7b7 g6e4 b7a7,2099,75,92,4156,crushing defensiveMove middlegame veryLong,https://lichess.org/eQy3tkuB#45,,
00KHR,8/6pk/1Q1p2n1/4p3/2P3P1/P2PP2P/1B4K1/4q3 w - - 1 35,g2f3 g6h4 f3e4 e1h1,1426,80,93,1547,endgame mate mateIn2 short,https://lichess.org/m54DAZPv#69,,
00Kbj,8/8/6p1/PR3p2/1P3k2/7P/r5P1/7K w - - 1 39,h3h4 f4g3 b5d5 a2a1 d5d1 a1d1,1479,79,94,15981,endgame long mate mateIn3 rookEndgame,https://lichess.org/PW8a1JvE#77,,
00KhM,5rk1/5ppp/1R6/3Qp3/2B1P3/2q3P1/3R1PKP/1r6 b - - 0 27,b1b6 d5f7 f8f7 d2d8,1331,93,78,46,clearance endgame mate mateIn2 pin sacrifice short,https://lichess.org/o5Jg9MLX/black#54,,
00Knu,r2q1rk1/p3bpp1/2pp1nb1/4p1Q1/8/1B3N1P/PPP3P1/R1B2RK1 b - - 0 18,f6e4 g5g6 d8b6 g1h2,1847,76,77,120,advantage defensiveMove opening pin short,https://lichess.org/ICZqsNVs/black#36,Czech_Defense Czech_Defense_Other_variations,
00L4x,1r4k1/4Ppbp/p5p1/2q5/p2n4/P2Q2B1/r2N1PPP/3KR2R b - - 0 27,g7h6 e7e8q b8e8 e1e8,1260,84,91,2736,advancedPawn crushing kingsideAttack middlegame promotion short,https://lichess.org/kQUg1Hn3/black#54,,
00LNB,kr6/1pR4p/p4R2/n2r4/P3p3/4B3/6PP/6K1 b - - 0 38,d5d3 f6a6 b7a6 c7a7,1074,80,98,3165,endgame mate mateIn2 operaMate sacrifice short,https://lichess.org/MQYDGoEM/black#76,,
00LRq,1k6/1p1q4/P2p3p/1NpPpn1Q/5b2/2P3r1/1P2B1P1/R6K b - - 3 28,g3g7 a6a7 b8a8 b5c7 d7c7 h5e8 c7b8 a7b8q,2222,80,92,2250,advancedPawn discoveredCheck doubleCheck mate mateIn4 middlegame promotion queensideAttack sacrifice veryLong,https://lichess.org/i9yxFCW9/black#56,,
00LRv,5r1k/7p/p2pB3/3Pb1p1/4p2q/1P2B3/P1Q2P2/2R3K1 w - - 0 31,f2f4 h4g3 g1h1 g3f3 c2g2 f3e3,2411,93,70,70,crushing exposedKing fork long middlegame,https://lichess.org/AebpnUup#61,,
00LZf,r1b1kb1r/pppp1ppp/2n1p3/3nN3/3P2q1/4B3/PPP1BPPP/RN1Q1RK1 b kq - 9 8,d5e3 f2e3 g4g5 e5f7 g5e3 g1h1,2156,89,25,40,advantage attackingF2F7 fork long opening,https://lichess.org/sVgQxr8Q/black#16,French_Defense French_Defense_Normal_Variation,
00LZl,r2qkb1r/ppp2ppp/2n5/3pPb2/3n1B2/2NB1N2/PP3PPP/R2QK2R b KQkq - 3 9,f8b4 f3d4 c6d4 d1a4 d4c6 d3f5,2128,80,93,8234,advantage deflection fork long opening,https://lichess.org/jBb2kj01/black#18,Kings_Pawn_Game Kings_Pawn_Game_Macleod_Attack,
00M92,3q1r1k/p3r1pp/1p1b1p2/2p1n3/3pR2N/1QPP2P1/PP1B1P1P/R5K1 b - - 3 21,e5d3 h4g6 h7g6 e4h4,1026,77,96,366,clearance kingsideAttack mate mateIn2 middlegame sacrifice short,https://lichess.org/Sa0qih4O/black#42,,
00MDG,3r2k1/4ppnp/pp2q1p1/2p5/4N3/3rP3/P2P1QPP/3R1RK1 b - - 1 28,e6e4 f2f7 g8h8 f7f8 d8f8 f1f8,1054,90,60,53,backRankMate long mate mateIn3 middlegame sacrifice,https://lichess.org/P6smLKim/black#56,,
00NEO,4qr2/pR1b2pk/5p1p/4pPP1/3bB3/3P3Q/P1r4P/4BR1K b - - 0 24,d7c6 h3h6 h7g8 h6g7,1863,79,93,1823,mate mateIn2 middlegame pin short,https://lichess.org/43Kqr7qG/black#48,,
00NHK,r1b2rk1/1p2b1p1/pqn1p1P1/3pP3/1P1P4/P1N1P3/6P1/R2QK2R b KQ - 0 17,c6e5 h1h8 g8h8 d1h5 h8g8 h5h7,1832,76,96,4570,attraction fork long mate mateIn3 middlegame sacrifice,https://lichess.org/YWzSZGeb/black#34,French_Defense French_Defense_Advance_Variation,
00O3h,5k2/R3Rp2/6p1/1p5p/1P5K/2nr4/7P/8 b - - 7 43,d3d4 h4g5 c3e4 g5h6,1136,81,91,2232,crushing defensiveMove endgame short,https://lichess.org/71bhLvdU/black#86,,
00OLF,k1r5/n1p3p1/Q2pN3/P2Pp2p/q3Pp1P/2RK4/5PP1/8 w - - 4 36,e6c7 c8c7 c3c7 a4d1 d3c3 d1c1 c3b3 c1c7,2005,77,92,685,crushing endgame sacrifice skewer veryLong,https://lichess.org/REkdb3WG#71,,
00ON5,8/k1p5/P7/3N4/3P2pp/3K2n1/6P1/8 w - - 1 47,d3e3 h4h3 e3f2 h3h2 f2g3 h2h1q,1825,76,87,143,advancedPawn crushing endgame knightEndgame long promotion,https://lichess.org/d71Ts3ff#93,,
00OPc,1k1rr3/ppp1q3/8/4nQNp/8/2P4P/PP4P1/2K1R2R w - - 0 25,g5f3 e5d3 f5d3 d8d3 e1e7 e8e7,2141,76,94,1647,advantage fork long middlegame,https://lichess.org/43yrfr28#49,,
00P81,6k1/5p2/4p2p/3pPP2/1R5P/7r/2B5/2b2K2 b - - 0 46,h3c3 b4b8 g8h7 f5e6 c3c2 e6e7,2122,77,93,7950,advancedPawn crushing discoveredAttack discoveredCheck endgame long sacrifice,https://lichess.org/SIETCqbJ/black#92,,
00PHg,R7/P4p2/5k1p/q5n1/5R2/7P/5PK1/8 b - - 2 46,f6e5 a8e8 e5f4 a7a8q a5a8 e8a8,1367,79,94,2201,advancedPawn advantage clearance endgame long promotion,https://lichess.org/u5o6sm6r/black#92,,
00Pbs,3r1rk1/Q3qppp/8/1ppb4/2Pn1B1n/2N3P1/PP3P2/R2R1K2 w - - 0 21,a7e7 d5g2 f1e1 h4f3,2105,76,66,207,mate mateIn2 middlegame short,https://lichess.org/fA2DSaPB#41,,
00PgQ,3r4/P1R5/7P/4p3/8/4p3/2p1K3/1k6 w - - 1 55,e2e3 c2c1q c7c1 b1c1 e3e4 d8e8,2208,76,87,173,advancedPawn crushing defensiveMove endgame long master promotion,https://lichess.org/6ByRjehu#109,,
00Pms,r1b1kr2/p1p2pQp/1p2pP2/8/8/1P4P1/P2KNP1P/R1B4q b q - 0 17,c8a6 g7f8 e8f8 c1a3 f8e8 a1h1,2127,88,86,38,advantage attraction discoveredAttack long middlegame sacrifice,https://lichess.org/UXAS6vpF/black#34,French_Defense French_Defense_Other_variations,
00R2A,2kr1b1R/p5p1/8/3P1p2/8/4B3/PPPK1P2/8 w - - 1 25,c2c4 f8b4 d2d3 d8h8,856,75,99,1641,crushing discoveredAttack endgame short,https://lichess.org/ZjzT3REI#49,,
00R8C,r4q1k/2bn2p1/2p3pp/1pP5/1P1B2P1/1Q1P1r1P/5PB1/4RRK1 w - - 0 27,g2f3 f8f4 d4g7 h8h7 e1e5 d7e5 g7e5 c7e5 f1e1 f4f3,2411,98,82,46,crushing fork master middlegame veryLong,https://lichess.org/ZILz4GAu#53,,
00Se9,5rk1/pp1n2r1/3p2N1/2pQ4/2P5/4P1P1/qP2KPP1/7R b - - 1 24,g7f7 g6e7 g8g7 d5g5,1791,75,95,5650,mate mateIn2 middlegame pin short,https://lichess.org/cMwUzce9/black#48,,
00SlL,r5k1/2p1qp1p/2b1p1pQ/pp5P/3P2P1/3P1r2/PP2N3/2KR3R b - - 0 23,f3d3 d1d3 c6h1 h5g6 f7g6 h6h1,2330,93,91,722,advantage discoveredAttack long middlegame,https://lichess.org/ktai3EiG/black#46,,
00TJN,r3r1k1/pp3pB1/2q3pp/3R1b2/8/P4Q2/BP3PPP/1R4K1 b - - 0 23,f5b1 f3f7 g8f7 d5d7,1800,75,100,1045,attraction doubleCheck kingsideAttack mate mateIn2 middlegame sacrifice short,https://lichess.org/G6iE2Sej/black#46,,
00TU2,1k1r4/1p3Qp1/p2q3p/3N4/1b6/8/PP3PPP/2R3K1 w - - 4 22,d5b4 d6d1 c1d1 d8d1,623,99,89,1354,backRankMate endgame mate mateIn2 sacrifice short,https://lichess.org/p32396Rd#43,,
00Tdk,r6r/4kppp/2pNpnq1/p1P1n3/8/B3P3/PP2QPPP/3R1RK1 w - - 7 20,e2d2 e5f3 g1h1 f3d2,1041,92,94,1820,crushing middlegame pin short,https://lichess.org/UgDWX5rx#39,,
00Ueq,r1b2rk1/pp4b1/n1pqp1Q1/4p3/2P2PP1/P2B4/1P6/R1B1K2R b KQ - 1 19,f8f6 h1h8 g8h8 g6h7,1843,74,98,1877,attraction kingsideAttack master mate mateIn2 middlegame pin sacrifice short,https://lichess.org/CWZLKGkj/black#38,,
00Voj,r1bk1b1r/2q5/p1n1p1Bp/1p1pP3/3p4/P3B3/1PP2QPP/R4RK1 b - - 1 17,d4e3 f2f6 d8d7 f6h8 c8b7 f1f8 a8f8 h8f8,2166,116,79,32,advantage discoveredAttack fork middlegame veryLong,https://lichess.org/GUVOp1gT/black#34,French_Defense French_Defense_Steinitz_Variation,
00WG3,8/pk1r1Rp1/1p2p2p/4P1bP/3rN3/8/PP6/1K3R2 b - - 4 33,d4d1 f1d1 d7f7 e4d6 b7c7 d6f7,1044,77,89,226,crushing endgame fork long pin,https://lichess.org/Pwj0MKtJ/black#66,,
00WJN,5Q2/7K/8/8/4p2P/3kq3/8/8 b - - 1 53,e3g3 f8a3 d3d2 a3g3,1324,78,85,656,crushing endgame queenEndgame short skewer,https://lichess.org/27eUCFoJ/black#106,,
00Wyh,2r5/8/8/pNp1r2p/3kNppP/1P1P4/2R2K2/8 b - - 2 42,d4d3 c2d2 d3e4 b5d6,1718,78,94,13101,endgame mate mateIn2 sacrifice short,https://lichess.org/2mLJufzX/black#84,,
00X0Q,6R1/8/8/8/1KP5/3r4/PP3kp1/8 w - - 3 52,c4c5 d3g3 g8g3 f2g3 c5c6 g2g1q,1425,79,91,1550,advancedPawn crushing endgame long promotion rookEndgame,https://lichess.org/aWPHCaqm#103,,
00X2j,8/5KP1/R1k5/8/2pp4/8/8/6r1 b - - 1 50,c6c5 a6g6 g1g6 f7g6 d4d3 g7g8q,1549,75,95,14117,advancedPawn crushing endgame long promotion rookEndgame,https://lichess.org/GY1HtJCo/black#100,,
00XL2,2kr3r/ppp3pp/6q1/3Pnp2/1PP1p3/7P/P2QNPP1/R4RK1 w - - 1 17,d2d4 e5f3 g1h1 f3d4,998,77,100,653,crushing middlegame pin short,https://lichess.org/WEWuNMx5#33,Scandinavian_Defense Scandinavian_Defense_Modern_Variation,
00XoP,6r1/p6k/1p4rp/3q1Q2/8/P7/4Rp1P/5R1K w - - 0 37,f5d5 g6g1 f1g1 f2g1q,678,94,76,80,advancedPawn endgame mate mateIn2 promotion queenRookEndgame short,https://lichess.org/KLJMqvTZ#73,,
00ZEW,r1b5/pppqNkp1/3p3p/6rn/1PP2p1N/P5P1/4Q2P/4RRK1 b - - 3 22,g5e5 e2h5 e5h5 f1f4 f7e8 e7g6,2206,91,90,1839,advantage discoveredAttack discoveredCheck long middlegame pin sacrifice,https://lichess.org/cjMxj5uZ/black#44,,
00ZSd,2R5/5pk1/pb4p1/1p1q4/3P1P1p/P3r2P/1PQ3P1/3R2K1 w - - 6 45,g1h1 e3h3 h1g1 b6d4 d1d4 d5d4,1290,76,98,2623,crushing endgame long pin,https://lichess.org/D5o6GOOI#89,,
00Zks,8/P1R4p/5pk1/4q1p1/5P2/6KP/5QP1/7r b - - 0 51,e5c7 a7a8q c7c3 a8f3,1800,76,82,88,advancedPawn advantage defensiveMove endgame promotion short,https://lichess.org/CPhnVb98/black#102,,
00aBq,r2r2k1/pp3ppp/1qn2b2/3R4/4QB2/1P3N2/P4PPP/4R1K1 b - - 0 18,d8d5 e4e8 a8e8 e1e8,894,89,88,329,backRankMate mate mateIn2 middlegame sacrifice short,https://lichess.org/0AybhVJm/black#36,Queens_Pawn_Game Queens_Pawn_Game_London_System,
00awK,r5k1/2p2Qpp/p7/4b3/8/8/1PP1KR2/2q5 b - - 0 24,g8h8 f7f8 a8f8 f2f8,586,82,100,426,backRankMate endgame mate mateIn2 sacrifice short,https://lichess.org/D9JaNyrl/black#48,,
00bQA,r7/6k1/2b1R1n1/1p3nR1/1P1p3p/3P1PpP/2N3P1/6K1 b - - 0 40,f5e7 e6e7 g7f6 g5g6 f6e7 g6c6 e7d7 c6c5,2225,78,87,606,crushing exposedKing master middlegame pin skewer veryLong,https://lichess.org/1NlzMdB5/black#80,,
00baa,1r1qr1k1/p1p2ppp/1p1b1n2/8/3Q4/1PN3P1/PBP1PPKP/R3R3 w - - 1 15,c3d5 d6e5 d5f6 d8f6 d4c4 e5b2,2001,77,94,997,advantage long middlegame skewer,https://lichess.org/6toE70as#29,Zukertort_Opening Zukertort_Opening_Vos_Gambit,
00bpH,8/5p2/pq5p/1p5k/6B1/6P1/P6P/2Q4K b - - 0 36,h5g4 c1f4 g4h5 f4f5,1817,76,61,574,endgame mate mateIn2 queenEndgame short,https://lichess.org/vVLXcQQI/black#72,,
00coU,6k1/R7/5K2/1r6/5r2/p4N2/8/5R2 w - - 3 50,f6e7 f4f7 e7d6 f7a7,1526,75,100,1202,crushing endgame short skewer,https://lichess.org/msAMDBoS#99,,
00cxG,2r5/3RQ2p/6pk/8/5q1P/1P6/2K5/8 w - - 16 42,c2b2 f4c1 b2a2 c8c2,2031,91,60,78,endgame mate mateIn2 short,https://lichess.org/qctk0UXT#83,,
00dt1,Q7/8/3B4/2p5/Krkn4/8/8/8 w - - 1 54,a4a3 d4b5 a3a2 b5c3 a2a1 b4b1,2224,79,95,17617,arabianMate endgame exposedKing fork long master mate mateIn3,https://lichess.org/AQkAsoMX#107,,
00e6J,r5k1/pb2r1p1/1p2pQ2/2b1N3/5P2/PP5P/4p2K/3R2R1 w - - 0 33,d1e1 c5g1 e1g1 e2e1q f6e6 e7e6,1623,76,91,238,advancedPawn advantage long middlegame promotion,https://lichess.org/S92jnNLj#65,,
00fxc,4r2k/1pQ2p2/p4N1p/5P2/1P6/P1Pn1K2/4r3/6R1 w - - 1 36,c7f7 e8e3 f3g4 d3e5 g4h5 e2h2,2305,77,96,2499,endgame exposedKing fork long mate mateIn3,https://lichess.org/cFwPoNNu#71,,
00gPT,2r1r3/5R2/p7/6P1/5P2/PB3bR1/1PP2k1P/2K5 w - - 1 35,g5g6 e8e1 c1d2 e1d1,1784,75,89,153,endgame mate mateIn2 operaMate short,https://lichess.org/197y5kFN#69,,
00h95,7k/Q1p3p1/5p1p/3q4/3Pr3/4P3/P4P1P/1R4K1 w - - 2 26,a7c5 e4g4 g1f1 d5h1 f1e2 h1b1,1696,75,85,113,crushing endgame long skewer,https://lichess.org/awh9vUFg#51,,
00hSW,2R5/4b1pk/1r5p/2pPN3/1p2P3/3P4/4K1PP/8 w - - 1 39,e5d7 b4b3 d5d6 e7d6 d7b6 b3b2 b6c4 b2b1q,1882,77,94,12511,advancedPawn advantage endgame master promotion sacrifice veryLong,https://lichess.org/56G5UTGb#77,,
00he6,2k5/pp3p2/5q2/2b1p1p1/4P1Pr/1nN2BK1/PPP3P1/R2Q4 w - - 3 23,c3d5 f6f4 d5f4 e5f4,1782,79,93,1291,mate mateIn2 middlegame sacrifice short,https://lichess.org/ndaNSA8f#45,,
00iQD,8/8/8/3K2kp/8/2P1P3/8/8 w - - 0 50,c3c4 h5h4 d5e4 g5g4 c4c5 h4h3 e4e5 h3h2 c5c6 h2h1q,1530,76,95,14024,advancedPawn crushing endgame pawnEndgame promotion quietMove veryLong,https://lichess.org/dDMWuoiZ#99,,
00l0K,2b5/2p2p2/k7/1qQ1P3/1p6/1N3P2/1PP5/2K5 w - - 3 38,c5c7 b5f1 c1d2 f1f2 d2d3 c8f5 d3c4 f2c2 c4b4 c2c7,1654,74,60,189,crushing deflection endgame skewer veryLong,https://lichess.org/MeKa7kj3#75,,
00lex,8/8/1p6/p1p2kPp/P6P/5K2/8/8 b - - 2 43,b6b5 a4b5 a5a4 b5b6 a4a3 b6b7 a3a2 b7b8q a2a1q b8c8 f5g6 c8g8,2386,75,96,700,advancedPawn crushing endgame pawnEndgame promotion veryLong,https://lichess.org/IQdBiegF/black#86,,
00mRr,8/2Q2kpp/1p1p2r1/1PnN4/2P1n3/6P1/1r3PK1/8 b - - 6 41,f7e6 c7e7 e6f5 d5e3,1830,79,95,17020,endgame master mate mateIn2 short,https://lichess.org/0dpg8xr1/black#82,,
00mvr,7r/ppp1Nk1p/2n5/8/8/2P2pP1/P6P/R1Br1BK1 b - - 0 20,f7e7 c1g5 e7e6 a1d1,789,86,99,1398,crushing discoveredAttack endgame master short,https://lichess.org/R3FdESiy/black#40,,
00nl3,6R1/1p4p1/p1k4p/3p4/PP2p1P1/2b1P3/6K1/8 b - - 2 37,b7b5 g8c8 c6b7 c8c3,820,79,89,274,advantage endgame master short skewer,https://lichess.org/WVBshO34/black#74,,
00nsa,6k1/1p1R3p/pB4p1/P3bpK1/4r2P/6P1/2P2P2/8 w - - 3 34,b6c5 e4g4 g5h6 g4h4 g3h4 e5f4,2207,76,94,1162,deflection endgame long mate mateIn3 sacrifice,https://lichess.org/5vB71xSl#67,,
00rHa,2kr3r/pp2nppp/4p3/2PpP3/bn1N2Q1/q1N5/2PB1PPP/1K1R1B1R w - - 4 14,f1b5 a4c2 d4c2 a3b3 b1a1 b4c2,1924,76,80,159,deflection fork long mate mateIn3 middlegame sacrifice,https://lichess.org/e3RK92Rx#27,French_Defense French_Defense_Winawer_Variation,
00rKj,r1b2rk1/1p3ppp/2p2b2/pq6/3B4/1BP2Q2/PP3PPP/R3R1K1 b - - 3 17,f6d4 f3f7 f8f7 e1e8,1771,99,85,39,kingsideAttack mate mateIn2 middlegame pin sacrifice short,https://lichess.org/jdpdM0rI/black#34,Ruy_Lopez Ruy_Lopez_Berlin_Defense,
00rqm,2r2r1k/3b3n/p6q/1p1nN3/7P/3P2Q1/PPP2P2/1K4RR b - - 0 30,d7f5 g3g8 f8g8 e5f7,1820,76,96,9831,cornerMate kingsideAttack mate mateIn2 middlegame sacrifice short,https://lichess.org/v9qNACJc/black#60,,
00ryU,4r1k1/8/2PP1bp1/p7/1p5p/1P2p3/4K2B/8 b - - 0 40,g6g5 d6d7 e8d8 c6c7 d8d7 c7c8q,1393,137,69,11,advancedPawn advantage endgame long promotion,https://lichess.org/aKt8hwuq/black#80,,
00tHm,q7/PP6/K7/8/5k2/8/6p1/8 b - - 0 58,a8e8 b7b8q e8e5 a7a8q g2g1q b8f8,2352,99,88,408,advancedPawn crushing endgame long promotion queenEndgame,https://lichess.org/SK2haKeP/black#116,,
00ueM,2kr4/2pR4/2P1K1P1/8/8/p3n3/8/8 b - - 1 49,a3a2 d7d8 c8d8 g6g7 a2a1q g7g8q,1719,81,93,12285,advancedPawn endgame long mate mateIn3 promotion,https://lichess.org/d2IhwIPS/black#98,,
00vuv,r3r3/2q1b1pk/p3P1Np/5Qp1/8/3p4/PPp2P2/2R1R1K1 b - - 1 30,d3d2 g6f8 h7g8 f5h7 g8f8 h7h8,2103,77,94,4813,discoveredCheck doubleCheck long mate mateIn3 middlegame sacrifice,https://lichess.org/SJRbBrel/black#60,,
00wL8,R4rk1/2PR1ppp/8/8/7P/8/P3pqPK/8 b - - 0 33,f8a8 d7d8 a8d8 c7d8q,854,103,94,292,advancedPawn backRankMate endgame mate mateIn2 promotion queenRookEndgame short,https://lichess.org/JRlzUS96/black#66,,
00yOA,8/8/8/6KP/p7/8/k7/8 b - - 0 50,a2b3 h5h6 a4a3 h6h7 b3c2 h7h8q,845,93,83,39,advancedPawn crushing endgame long pawnEndgame promotion,https://lichess.org/6AX65aKY/black#100,,
00yzf,3rk3/3N2R1/4P1pr/3pP3/2p5/6p1/PP6/2K5 b - - 3 29,g3g2 d7f6 e8f8 g7f7,1884,77,94,3744,endgame mate mateIn2 short vukovicMate,https://lichess.org/OIVHVypq/black#58,,
00z9K,4B3/1b5p/p5k1/3p3R/6P1/1P6/KPrn1r2/7R b - - 2 34,g6g7 h5h7 g7f8 h7b7,2209,89,90,716,advantage master middlegame short skewer,https://lichess.org/slx46h53/black#68,,
00zqB,3r1rk1/pp6/5pb1/2p2q2/8/P2P4/1PP4Q/2K3RR b - - 1 27,c5c4 h2h7,1800,84,88,1342,mate mateIn1 middlegame oneMove pin,https://lichess.org/EURKTOGv/black#54,,
00zrq,7R/6P1/p3p2P/1p2k3/4p3/2Pp4/r5r1/3R3K b - - 2 40,e4e3 g7g8q g2g8 h8g8 e3e2 d1e1,2071,75,82,225,advancedPawn crushing endgame long promotion,https://lichess.org/KXvGlWhK/black#80,,
0100g,8/8/5k2/R7/2P1K2r/8/P7/8 w - - 1 43,e4d5 h4h5 d5d6 h5a5,873,76,90,312,crushing endgame rookEndgame short skewer,https://lichess.org/PPDNNe1y#85,,
0109Y,r3r2Q/p3kpn1/5q2/3p4/1p5P/3B1PR1/PPP2nP1/1K2R3 b - - 6 27,e7d7 d3b5 d7d6 b5e8 a8e8 e1e8,2050,78,90,331,advantage long middlegame skewer,https://lichess.org/VLvS4i1J/black#54,,
010WS,6k1/p2Q4/3p2p1/8/3qPn2/5P2/PPR3PP/6K1 w - - 2 37,c2f2 f4e2 g1h1 d4d1 f2f1 d1f1,2073,76,100,973,endgame long mate mateIn3 pin,https://lichess.org/WNpzh8ee#73,,
01244,4r1k1/5ppp/n1R2b2/1B3P2/2Q2p1P/pP2qP2/P1P5/1K5R w - - 3 28,b5a6 e3e1 h1e1 e8e1,611,105,98,746,mate mateIn2 middlegame queensideAttack sacrifice short,https://lichess.org/IPXRSTGY#55,,
012LI,6k1/p4p1p/4bp2/1p2p3/3r4/KP1nQPN1/P5B1/8 w - - 0 33,g2f1 d4a4 b3a4 b5b4,2194,78,95,3231,endgame master mate mateIn2 sacrifice short,https://lichess.org/ITMhkGpD#65,,
012tD,1Q6/5ppk/7p/2pr4/4p3/4P3/2p2PPP/R5K1 w - - 1 36,b8b2 d5d1 a1d1 c2d1q,764,82,97,434,advancedPawn backRankMate endgame mate mateIn2 promotion queenRookEndgame short,https://lichess.org/j9DjK4AK#71,,
0135c,8/3n1k2/p3p1p1/3p2P1/2pP2N1/PrP1KP2/1P4R1/8 w - - 4 41,e3d2 b3b2 d2e1 b2g2,745,81,97,602,crushing endgame short skewer,https://lichess.org/cKkSaaA1#81,,
01382,r6k/5qp1/2pb3p/1p2P3/3P4/2P3Q1/1P4PP/5R1K w - - 0 29,f1f7 a8a1 g3e1 a1e1 f7f1 e1f1,848,109,69,38,backRankMate endgame long mate mateIn3,https://lichess.org/0nSum8Dd#57,,
0162G,2r1kb1r/1p3ppp/p7/3ppP2/8/1P1PBP2/P4RPP/R5K1 w k - 1 21,a1c1 c8c1 e3c1 f8c5,781,105,94,1408,crushing endgame pin short,https://lichess.org/cwvenor8#41,,
016fz,8/8/3R4/1P3k2/2Bb2pK/8/7r/8 w - - 1 63,h4g3 d4e5,1733,84,91,1560,endgame mate mateIn1 oneMove,https://lichess.org/jAbGFT6B#125,,
01749,2r3k1/5ppp/4p3/3n4/2QB4/1r4P1/5PKP/R2q4 b - - 1 32,c8c4 a1a8 b3b8 a8b8 c4c8 b8c8,553,97,90,1178,endgame long mate mateIn3,https://lichess.org/OVh3Rgxm/black#64,,
017u3,r2qk2r/4bppp/p3bn2/1p2N3/5B2/2N5/PP3PPP/R2QR1K1 b kq - 1 19,e8g8 e5c6 d8e8 c6e7 e8e7 f4d6 e7d8 d6f8,1919,75,94,10538,advantage kingsideAttack opening skewer veryLong,https://lichess.org/zSJZUzqR/black#38,Caro-Kann_Defense Caro-Kann_Defense_Exchange_Variation,
018KD,k6r/1b5p/6p1/1P6/3Q1P2/PP2R3/3K3P/6q1 b - - 4 31,g1h2 e3e2 h2e2 d2e2,892,78,100,116,crushing defensiveMove endgame short,https://lichess.org/nG74b9qI/black#62,,
019gx,1r6/6R1/3p4/1P1Rp3/K1r1P3/2k2P2/8/8 w - - 1 45,a4a5 c4a4 a5a4 b8a8 g7a7 a8a7,2115,83,86,295,attraction endgame long mate mateIn3 rookEndgame sacrifice,https://lichess.org/pCBDwbPH#89,,
01B5q,r4rk1/1pp1np1p/p4Qp1/3P3P/P2Nq3/8/1B4R1/5B1K b - - 0 36,e7d5 f6g7 g8g7 d4f5 g7g8 f5h6,2227,74,94,10780,attraction discoveredCheck doubleCheck long mate mateIn3 middlegame pin sacrifice,https://lichess.org/seEUcuvw/black#72,,
01CvP,1k6/pp5P/2p5/8/5P1b/2P4q/PP6/3R1RK1 b - - 4 38,h4g3 d1d8 b8c7 h7h8q g3h2 g1f2,2278,81,81,94,advancedPawn crushing endgame long master promotion,https://lichess.org/qsnoCVqZ/black#76,,
01Dtr,b4rk1/2pn2p1/1p4q1/6N1/7Q/4B3/1P3PPP/3R2K1 w - - 6 27,d1d7 g6b1 e3c1 b1c1 d7d1 c1d1,670,117,95,1284,long mate mateIn3 middlegame,https://lichess.org/ZvCTnCI7#53,,
01HoZ,r5rk/1p3p1p/1b1p1p2/pP1P3q/P1P1Pn2/3B1NK1/5P2/R2Q3R w - - 8 28,g3f4 h5g4,1779,85,84,968,mate mateIn1 middlegame oneMove,https://lichess.org/VOay9YDM#55,,
01JJc,4k3/4P3/2p1KP2/2N5/7r/8/p7/8 b - - 4 42,h4h6 c5e4 c6c5 e4d6,2120,87,63,123,endgame mate mateIn2 quietMove short,https://lichess.org/beTqPTep/black#84,,
01LlS,4rrk1/ppp1qppp/8/6N1/4N1P1/b2Q3P/P4P2/1R4K1 b - - 0 24,h7h6 e4f6 g7f6 d3h7,870,78,99,617,clearance kingsideAttack mate mateIn2 middlegame sacrifice short,https://lichess.org/2D65uUUV/black#48,,
01WRz,6k1/p1p2pp1/1p1b3p/3Pq3/2P5/5Q1P/P1R3P1/7K w - - 3 31,c2f2 e5h2,1730,86,72,444,endgame mate mateIn1 oneMove,https://lichess.org/lHH0GP8g#61,,
01a5v,4r2k/R7/1p6/5ppp/3P1P1K/4P3/PP2QPq1/2R5 w - - 0 32,f4g5 g2h2,1885,81,83,806,endgame mate mateIn1 oneMove,https://lichess.org/NLOK8h0L#63,,
01hL1,3qr1k1/1b3pp1/p2p1b2/1p6/1P2PBQ1/P1pP1P2/B5PP/4R1K1 w - - 0 21,g4g3 f6h4 g3g4 h4e1,1809,76,94,6680,crushing middlegame short skewer,https://lichess.org/jJjiVlE0#41,,
01hf5,8/1p4kp/5Qp1/3pP2r/4qP2/8/P1rB1R2/6K1 b - - 2 34,g7h6 f6f8,1763,79,92,1342,endgame master mate mateIn1 oneMove,https://lichess.org/YwXd4Syf/black#68,,
01mGq,8/8/p1k3p1/P1P2p2/2K3Pp/7P/8/8 w - - 0 51,g4f5 g6f5 c4d4 f5f4,894,100,84,133,crushing defensiveMove endgame pawnEndgame short,https://lichess.org/ROGXECAH#101,,
01qBB,3k4/8/4K3/3P1p2/5PpP/8/8/8 w - - 3 63,d5d6 g4g3 h4h5 g3g2 h5h6 g2g1q,826,106,90,27,advancedPawn crushing endgame long pawnEndgame promotion,https://lichess.org/h1RcQjuq#125,,
01rQs,r7/1q2Rpk1/p5rp/1p1b2p1/5n2/8/PQ4PP/4R1K1 b - - 3 35,g7g8 e7e8 a8e8 e1e8 g8h7 b2h8,884,79,100,322,long mate mateIn3 middlegame,https://lichess.org/Qf3G1Z29/black#70,,
01u1D,5rk1/5Qpp/1r3p2/6q1/1PB4n/P6P/5PP1/3R1R1K b - - 0 22,f8f7 d1d8,825,100,77,144,mate mateIn1 middlegame oneMove pin,https://lichess.org/DVuLGJSS/black#44,,
01uFt,2k1q3/pp1r4/6p1/3p4/6Q1/1B6/PPP5/1K1R4 w - - 0 33,d1d5 e8e1 d5d1 e1d1 g4d1 d7d1,642,91,54,35,backRankMate endgame long mate mateIn3,https://lichess.org/HCzogcJU#65,,
01wTd,8/5pk1/q3p1p1/p1BpPnPp/Pp3P2/1P2P3/2Q2K2/8 b - - 3 42,a6c6 c5f8 g7f8 c2c6,826,77,100,175,crushing discoveredAttack endgame short,https://lichess.org/7HQsZyWf/black#84,,
01y4w,r1b2rk1/ppp2ppp/3p4/4q3/P7/3BP2P/1PPQ1PP1/1R2K2R b K - 1 14,e5d5 d3h7 g8h7 d2d5,813,86,91,327,crushing discoveredAttack kingsideAttack middlegame short,https://lichess.org/auzq1IR4/black#28,Van_Geet_Opening Van_Geet_Opening_Reversed_Nimzowitsch,
023Ba,2r3k1/5ppp/1q2p3/4P3/1PQp1P2/2P3P1/7P/R4K2 b - - 0 31,c8c4 a1a8 c4c8 a8c8 b6d8 c8d8,883,171,100,16,backRankMate endgame long mate mateIn3 queenRookEndgame,https://lichess.org/rmVpDXl2/black#62,,
024nn,2k5/1bp3pp/1p2p3/2n1b3/2P5/Q4rqP/PP1rB1P1/4RRBK w - - 0 25,e2f3 g3g2 f3g2 b7g2,2311,78,93,8693,kingsideAttack mate mateIn2 middlegame sacrifice short xRayAttack,https://lichess.org/r4Pi15FR#49,,
027uk,2r3k1/6p1/p3p2p/3p2q1/2P2n2/6N1/P5PP/2QR1BK1 w - - 1 34,c1e3 f4h3 g2h3 g5e3,825,211,100,4,crushing discoveredAttack middlegame short,https://lichess.org/u943sbHm#67,,
02GOZ,8/8/8/2R5/P4pB1/6b1/1P3pK1/4k3 w - - 1 46,c5c8 f2f1q,880,94,94,139,advancedPawn endgame master mate mateIn1 oneMove promotion,https://lichess.org/8KJMNIVb#91,,
02J2r,5rk1/p1p1nNpp/1pb5/8/8/1B3P2/P5PP/3R2K1 b - - 0 20,f8f7 d1d8 c6e8 d8e8,834,79,100,393,endgame mate mateIn2 pin short,https://lichess.org/LRR55YGP/black#40,,
02YZG,4qB1k/pp4pp/4K3/2Q1P3/2P5/3r2PP/P7/R6R w - - 7 32,f8e7 e8d7 e6f7 d3f3,2199,80,93,7881,endgame epauletteMate mate mateIn2 short,https://lichess.org/lEeBiGlY#63,,
02ZzV,8/7b/8/p7/2BNpn2/k1K1p3/P7/8 b - - 9 58,f4d3 c4b3 e3e2 d4c2,2122,75,93,3330,endgame mate mateIn2 quietMove short,https://lichess.org/b41IbQK9/black#116,,
02kXH,r3k2r/pq1n1ppb/4p2p/4P3/Q1N3P1/1Pp1P2P/P4P2/R4RK1 b kq - 1 19,a8b8 c4d6 e8e7 d6b7,844,87,91,414,crushing fork middlegame pin short,https://lichess.org/ARLgMHs5/black#38,Queens_Pawn_Game Queens_Pawn_Game_Mason_Variation,
02yab,8/8/8/8/8/2R1bk1p/5Np1/6K1 w - - 6 62,c3c2 f3g3 c2c8 h3h2,2178,79,87,493,advancedPawn endgame master mate mateIn2 short,https://lichess.org/9wLtXMET#123,,
034nU,2r3k1/p6p/1p2N1pQ/5p2/4KP2/1P1nP2R/P4qPP/8 w - - 0 30,e4d3 f2c2 d3d4 c2e4,2156,80,72,183,endgame mate mateIn2 short,https://lichess.org/aYZoqMFC#59,,
03Bol,3q1rk1/p3ppbp/6p1/8/P4n2/Q3P3/RPrB1PPP/4KBNR w K - 4 20,g1f3 d8d2 f3d2 c2c1,2148,76,94,10375,mate mateIn2 middlegame sacrifice short,https://lichess.org/0jzDJv2O#39,,
03X18,3r1r2/8/4k1p1/3ppq2/2Q5/2P3P1/PP3PK1/3R3R w - - 0 38,c4c6 d8d6 c6d6 e6d6,861,89,74,108,crushing defensiveMove endgame short,https://lichess.org/GXzjYMFA#75,,
03mv2,8/8/6p1/8/5KPk/8/8/8 b - - 5 80,g6g5 f4f5 h4h3 f5g5,879,79,100,534,crushing defensiveMove endgame pawnEndgame short zugzwang,https://lichess.org/MGKIFNov/black#160,,
03wQ4,2k1r3/7p/1p6/6Q1/4q2P/3pB3/PPr2P2/3RKR2 w - - 3 31,d1d2 c2c1 d2d1 e4b4,2260,76,100,676,mate mateIn2 middlegame pin short,https://lichess.org/0EuAq2U9#61,,
04LMD,4RN2/2R3k1/1r4pp/2p3q1/2P5/2r3PP/7K/8 b - - 0 39,g7f6 f8h7 f6f5 c7c5,2324,78,93,1234,endgame fork interference master mate mateIn2 short,https://lichess.org/XsL4Sdqv/black#78,,
053Mo,8/p1k2ppp/1p1n4/2PP1P2/BK3B1P/P7/4rP2/8 b - - 0 44,b6c5 b4c5 e2e4 f4d6,764,95,77,117,crushing endgame pin short,https://lichess.org/0lc3bx1t/black#88,,
055jM,r4k1r/ppqb2pp/4p1B1/3pP3/8/2bQ2B1/P1P2PP1/RN3K1R b - - 6 17,c3a1 d3f3 f8e7 g3h4,2136,76,94,12662,mate mateIn2 middlegame short,https://lichess.org/V73sGGvw/black#34,Caro-Kann_Defense Caro-Kann_Defense_Advance_Variation,
05EXs,2r1Q2k/1br3bp/3p2p1/1p1P1q2/1P6/1B6/1B4PP/1R2R1K1 b - - 1 27,c8e8 e1e8 f5f8 e8f8,586,89,100,149,mate mateIn2 middlegame pin short,https://lichess.org/hWGOJ41R/black#54,,
05YD6,2r5/8/5k2/6p1/p3R1Pp/PpK4P/1P6/8 w - - 9 45,e4c4 c8c4 c3c4 f6e5,779,83,89,90,crushing defensiveMove endgame rookEndgame short,https://lichess.org/yO3UGMse#89,,
063qZ,r3k2r/pp1n3p/2p1B1p1/4q1B1/3bN3/7P/P1P3P1/4RR1K b kq - 0 23,h8f8 e4d6 e5d6 e6f7,2289,78,97,1874,discoveredCheck doubleCheck mate mateIn2 middlegame pillsburysMate sacrifice short,https://lichess.org/qYdIBPov/black#46,,
08NWB,8/rkp5/8/2K3p1/8/7P/8/R7 w - - 0 51,a1a7 b7a7 c5c6 a7b8,854,101,94,925,crushing defensiveMove endgame short,https://lichess.org/CvSBkYBa#101,,
08SXD,r2r2k1/bpp2p1Q/p2q4/3bN3/3P4/6nP/PPB2PP1/4R1K1 b - - 1 25,g8f8 e5d7 d8d7 h7h8,2211,87,90,1976,mate mateIn2 middlegame sacrifice short,https://lichess.org/ULl9c7Cw/black#50,,
0BJQ6,1b2r1k1/1R3ppp/p7/4n3/1P3rP1/P2K4/B1Q5/7R w - - 13 42,d3e3 e5c4 e3d3 e8e3,2251,78,93,5801,discoveredCheck doubleCheck mate mateIn2 middlegame short,https://lichess.org/siE6BfkH#83,,
0C8PC,r5k1/2p1B3/p6p/3qN1pK/2Np1b2/1P3b1P/PQP5/R3R3 w - - 2 28,e5f3 d5f7 h5g4 h6h5,2121,77,93,3183,mate mateIn2 middlegame short,https://lichess.org/eAfGEK1c#55,,
